omega_p, tau_s, d_p, d_s, ratio, F_sp, F_flyarm, F_ss, F_helix
188.495559, 269.987204, 0.000000, 0.008492, 3.905374, 300.254959, 2792.235102, 134.277919, 4564.897116
188.495559, 284.197057, 0.000000, 0.008492, 3.905374, 300.254959, 2792.235102, 134.277919, 4802.543106
188.495559, 298.406910, 0.000000, 0.008492, 3.905374, 300.254959, 2792.235102, 134.277919, 5040.189097
188.495559, 312.616763, 0.000000, 0.008492, 3.905374, 300.254959, 2792.235102, 134.277919, 5277.835087
188.495559, 326.826616, 0.000000, 0.008492, 3.905374, 300.254959, 2792.235102, 134.277919, 5515.481077
188.495559, 341.036469, 0.000000, 0.008492, 3.905374, 300.254959, 2792.235102, 134.277919, 5753.127068
188.495559, 355.246322, 0.000000, 0.008492, 3.905374, 300.254959, 2792.235102, 134.277919, 5990.773058
188.495559, 369.456174, 0.000000, 0.008492, 3.905374, 300.254959, 2792.235102, 134.277919, 6228.419048
188.495559, 383.666027, 0.000000, 0.008492, 3.905374, 300.254959, 2792.235102, 134.277919, 6466.065039
188.495559, 397.875880, 0.000000, 0.008492, 3.905374, 300.254959, 2792.235102, 134.277919, 6703.711029
188.495559, 412.085733, 0.000000, 0.008492, 3.905374, 300.254959, 2792.235102, 134.277919, 6941.357019
188.495559, 426.295586, 0.000000, 0.008492, 3.905374, 300.254959, 2792.235102, 134.277919, 7179.003010
188.495559, 440.505439, 0.000000, 0.008492, 3.905374, 300.254959, 2792.235102, 134.277919, 7416.649000
188.495559, 454.715292, 0.000000, 0.008492, 3.905374, 300.254959, 2792.235102, 134.277919, 7654.294990
188.495559, 468.925144, 0.000000, 0.008492, 3.905374, 300.254959, 2792.235102, 134.277919, 7891.940981
188.495559, 483.134997, 0.000000, 0.008492, 3.905374, 300.254959, 2792.235102, 134.277919, 8129.586971
188.495559, 497.344850, 0.000000, 0.008492, 3.905374, 300.254959, 2792.235102, 134.277919, 8367.232961
188.495559, 511.554703, 0.000000, 0.008492, 3.905374, 300.254959, 2792.235102, 134.277919, 8604.878952
188.495559, 525.764556, 0.000000, 0.008492, 3.905374, 300.254959, 2792.235102, 134.277919, 8842.524942
188.495559, 539.974409, 0.000000, 0.008492, 3.905374, 300.254959, 2792.235102, 134.277919, 9080.170932
195.109438, 269.987204, 0.000000, 0.008492, 3.905374, 300.254959, 2991.619080, 134.277919, 4564.897116
195.109438, 284.197057, 0.000000, 0.008492, 3.905374, 300.254959, 2991.619080, 134.277919, 4802.543106
195.109438, 298.406910, 0.000000, 0.008492, 3.905374, 300.254959, 2991.619080, 134.277919, 5040.189097
195.109438, 312.616763, 0.000000, 0.008492, 3.905374, 300.254959, 2991.619080, 134.277919, 5277.835087
195.109438, 326.826616, 0.000000, 0.008492, 3.905374, 300.254959, 2991.619080, 134.277919, 5515.481077
195.109438, 341.036469, 0.000000, 0.008492, 3.905374, 300.254959, 2991.619080, 134.277919, 5753.127068
195.109438, 355.246322, 0.000000, 0.008492, 3.905374, 300.254959, 2991.619080, 134.277919, 5990.773058
195.109438, 369.456174, 0.000000, 0.008492, 3.905374, 300.254959, 2991.619080, 134.277919, 6228.419048
195.109438, 383.666027, 0.000000, 0.008492, 3.905374, 300.254959, 2991.619080, 134.277919, 6466.065039
195.109438, 397.875880, 0.000000, 0.008492, 3.905374, 300.254959, 2991.619080, 134.277919, 6703.711029
195.109438, 412.085733, 0.000000, 0.008492, 3.905374, 300.254959, 2991.619080, 134.277919, 6941.357019
195.109438, 426.295586, 0.000000, 0.008492, 3.905374, 300.254959, 2991.619080, 134.277919, 7179.003010
195.109438, 440.505439, 0.000000, 0.008492, 3.905374, 300.254959, 2991.619080, 134.277919, 7416.649000
195.109438, 454.715292, 0.000000, 0.008492, 3.905374, 300.254959, 2991.619080, 134.277919, 7654.294990
195.109438, 468.925144, 0.000000, 0.008492, 3.905374, 300.254959, 2991.619080, 134.277919, 7891.940981
195.109438, 483.134997, 0.000000, 0.008492, 3.905374, 300.254959, 2991.619080, 134.277919, 8129.586971
195.109438, 497.344850, 0.000000, 0.008492, 3.905374, 300.254959, 2991.619080, 134.277919, 8367.232961
195.109438, 511.554703, 0.000000, 0.008492, 3.905374, 300.254959, 2991.619080, 134.277919, 8604.878952
195.109438, 525.764556, 0.000000, 0.008492, 3.905374, 300.254959, 2991.619080, 134.277919, 8842.524942
195.109438, 539.974409, 0.000000, 0.008492, 3.905374, 300.254959, 2991.619080, 134.277919, 9080.170932
201.723318, 269.987204, 0.000000, 0.008492, 3.905374, 300.254959, 3197.878367, 134.277919, 4564.897116
201.723318, 284.197057, 0.000000, 0.008492, 3.905374, 300.254959, 3197.878367, 134.277919, 4802.543106
201.723318, 298.406910, 0.000000, 0.008492, 3.905374, 300.254959, 3197.878367, 134.277919, 5040.189097
201.723318, 312.616763, 0.000000, 0.008492, 3.905374, 300.254959, 3197.878367, 134.277919, 5277.835087
201.723318, 326.826616, 0.000000, 0.008492, 3.905374, 300.254959, 3197.878367, 134.277919, 5515.481077
201.723318, 341.036469, 0.000000, 0.008492, 3.905374, 300.254959, 3197.878367, 134.277919, 5753.127068
201.723318, 355.246322, 0.000000, 0.008492, 3.905374, 300.254959, 3197.878367, 134.277919, 5990.773058
201.723318, 369.456174, 0.000000, 0.008492, 3.905374, 300.254959, 3197.878367, 134.277919, 6228.419048
201.723318, 383.666027, 0.000000, 0.008492, 3.905374, 300.254959, 3197.878367, 134.277919, 6466.065039
201.723318, 397.875880, 0.000000, 0.008492, 3.905374, 300.254959, 3197.878367, 134.277919, 6703.711029
201.723318, 412.085733, 0.000000, 0.008492, 3.905374, 300.254959, 3197.878367, 134.277919, 6941.357019
201.723318, 426.295586, 0.000000, 0.008492, 3.905374, 300.254959, 3197.878367, 134.277919, 7179.003010
201.723318, 440.505439, 0.000000, 0.008492, 3.905374, 300.254959, 3197.878367, 134.277919, 7416.649000
201.723318, 454.715292, 0.000000, 0.008492, 3.905374, 300.254959, 3197.878367, 134.277919, 7654.294990
201.723318, 468.925144, 0.000000, 0.008492, 3.905374, 300.254959, 3197.878367, 134.277919, 7891.940981
201.723318, 483.134997, 0.000000, 0.008492, 3.905374, 300.254959, 3197.878367, 134.277919, 8129.586971
201.723318, 497.344850, 0.000000, 0.008492, 3.905374, 300.254959, 3197.878367, 134.277919, 8367.232961
201.723318, 511.554703, 0.000000, 0.008492, 3.905374, 300.254959, 3197.878367, 134.277919, 8604.878952
201.723318, 525.764556, 0.000000, 0.008492, 3.905374, 300.254959, 3197.878367, 134.277919, 8842.524942
201.723318, 539.974409, 0.000000, 0.008492, 3.905374, 300.254959, 3197.878367, 134.277919, 9080.170932
208.337197, 269.987204, 0.000000, 0.008492, 3.905374, 300.254959, 3411.012964, 134.277919, 4564.897116
208.337197, 284.197057, 0.000000, 0.008492, 3.905374, 300.254959, 3411.012964, 134.277919, 4802.543106
208.337197, 298.406910, 0.000000, 0.008492, 3.905374, 300.254959, 3411.012964, 134.277919, 5040.189097
208.337197, 312.616763, 0.000000, 0.008492, 3.905374, 300.254959, 3411.012964, 134.277919, 5277.835087
208.337197, 326.826616, 0.000000, 0.008492, 3.905374, 300.254959, 3411.012964, 134.277919, 5515.481077
208.337197, 341.036469, 0.000000, 0.008492, 3.905374, 300.254959, 3411.012964, 134.277919, 5753.127068
208.337197, 355.246322, 0.000000, 0.008492, 3.905374, 300.254959, 3411.012964, 134.277919, 5990.773058
208.337197, 369.456174, 0.000000, 0.008492, 3.905374, 300.254959, 3411.012964, 134.277919, 6228.419048
208.337197, 383.666027, 0.000000, 0.008492, 3.905374, 300.254959, 3411.012964, 134.277919, 6466.065039
208.337197, 397.875880, 0.000000, 0.008492, 3.905374, 300.254959, 3411.012964, 134.277919, 6703.711029
208.337197, 412.085733, 0.000000, 0.008492, 3.905374, 300.254959, 3411.012964, 134.277919, 6941.357019
208.337197, 426.295586, 0.000000, 0.008492, 3.905374, 300.254959, 3411.012964, 134.277919, 7179.003010
208.337197, 440.505439, 0.000000, 0.008492, 3.905374, 300.254959, 3411.012964, 134.277919, 7416.649000
208.337197, 454.715292, 0.000000, 0.008492, 3.905374, 300.254959, 3411.012964, 134.277919, 7654.294990
208.337197, 468.925144, 0.000000, 0.008492, 3.905374, 300.254959, 3411.012964, 134.277919, 7891.940981
208.337197, 483.134997, 0.000000, 0.008492, 3.905374, 300.254959, 3411.012964, 134.277919, 8129.586971
208.337197, 497.344850, 0.000000, 0.008492, 3.905374, 300.254959, 3411.012964, 134.277919, 8367.232961
208.337197, 511.554703, 0.000000, 0.008492, 3.905374, 300.254959, 3411.012964, 134.277919, 8604.878952
208.337197, 525.764556, 0.000000, 0.008492, 3.905374, 300.254959, 3411.012964, 134.277919, 8842.524942
208.337197, 539.974409, 0.000000, 0.008492, 3.905374, 300.254959, 3411.012964, 134.277919, 9080.170932
214.951076, 269.987204, 0.001242, 0.009344, 3.053421, 313.310035, 3631.022871, 137.261676, 4567.762332
214.951076, 284.197057, 0.000246, 0.008657, 3.707906, 302.839207, 3631.022871, 134.855289, 4803.097538
214.951076, 298.406910, 0.000000, 0.008492, 3.905374, 300.254959, 3631.022871, 134.277919, 5040.189097
214.951076, 312.616763, 0.000000, 0.008492, 3.905374, 300.254959, 3631.022871, 134.277919, 5277.835087
214.951076, 326.826616, 0.000000, 0.008492, 3.905374, 300.254959, 3631.022871, 134.277919, 5515.481077
214.951076, 341.036469, 0.000000, 0.008492, 3.905374, 300.254959, 3631.022871, 134.277919, 5753.127068
214.951076, 355.246322, 0.000000, 0.008492, 3.905374, 300.254959, 3631.022871, 134.277919, 5990.773058
214.951076, 369.456174, 0.000000, 0.008492, 3.905374, 300.254959, 3631.022871, 134.277919, 6228.419048
214.951076, 383.666027, 0.000000, 0.008492, 3.905374, 300.254959, 3631.022871, 134.277919, 6466.065039
214.951076, 397.875880, 0.000000, 0.008492, 3.905374, 300.254959, 3631.022871, 134.277919, 6703.711029
214.951076, 412.085733, 0.000000, 0.008492, 3.905374, 300.254959, 3631.022871, 134.277919, 6941.357019
214.951076, 426.295586, 0.000000, 0.008492, 3.905374, 300.254959, 3631.022871, 134.277919, 7179.003010
214.951076, 440.505439, 0.000000, 0.008492, 3.905374, 300.254959, 3631.022871, 134.277919, 7416.649000
214.951076, 454.715292, 0.000000, 0.008492, 3.905374, 300.254959, 3631.022871, 134.277919, 7654.294990
214.951076, 468.925144, 0.000000, 0.008492, 3.905374, 300.254959, 3631.022871, 134.277919, 7891.940981
214.951076, 483.134997, 0.000000, 0.008492, 3.905374, 300.254959, 3631.022871, 134.277919, 8129.586971
214.951076, 497.344850, 0.000000, 0.008492, 3.905374, 300.254959, 3631.022871, 134.277919, 8367.232961
214.951076, 511.554703, 0.000000, 0.008492, 3.905374, 300.254959, 3631.022871, 134.277919, 8604.878952
214.951076, 525.764556, 0.000000, 0.008492, 3.905374, 300.254959, 3631.022871, 134.277919, 8842.524942
214.951076, 539.974409, 0.000000, 0.008492, 3.905374, 300.254959, 3631.022871, 134.277919, 9080.170932
221.564956, 269.987204, 0.002580, 0.010317, 2.423811, 327.368073, 3857.908087, 140.668355, 4571.033669
221.564956, 284.197057, 0.001585, 0.009587, 2.870359, 316.906440, 3857.908087, 138.113596, 4806.226397
221.564956, 298.406910, 0.000631, 0.008919, 3.430152, 306.885874, 3857.908087, 135.772424, 5041.624226
221.564956, 312.616763, 0.000000, 0.008492, 3.905374, 300.254959, 3857.908087, 134.277919, 5277.835087
221.564956, 326.826616, 0.000000, 0.008492, 3.905374, 300.254959, 3857.908087, 134.277919, 5515.481077
221.564956, 341.036469, 0.000000, 0.008492, 3.905374, 300.254959, 3857.908087, 134.277919, 5753.127068
221.564956, 355.246322, 0.000000, 0.008492, 3.905374, 300.254959, 3857.908087, 134.277919, 5990.773058
221.564956, 369.456174, 0.000000, 0.008492, 3.905374, 300.254959, 3857.908087, 134.277919, 6228.419048
221.564956, 383.666027, 0.000000, 0.008492, 3.905374, 300.254959, 3857.908087, 134.277919, 6466.065039
221.564956, 397.875880, 0.000000, 0.008492, 3.905374, 300.254959, 3857.908087, 134.277919, 6703.711029
221.564956, 412.085733, 0.000000, 0.008492, 3.905374, 300.254959, 3857.908087, 134.277919, 6941.357019
221.564956, 426.295586, 0.000000, 0.008492, 3.905374, 300.254959, 3857.908087, 134.277919, 7179.003010
221.564956, 440.505439, 0.000000, 0.008492, 3.905374, 300.254959, 3857.908087, 134.277919, 7416.649000
221.564956, 454.715292, 0.000000, 0.008492, 3.905374, 300.254959, 3857.908087, 134.277919, 7654.294990
221.564956, 468.925144, 0.000000, 0.008492, 3.905374, 300.254959, 3857.908087, 134.277919, 7891.940981
221.564956, 483.134997, 0.000000, 0.008492, 3.905374, 300.254959, 3857.908087, 134.277919, 8129.586971
221.564956, 497.344850, 0.000000, 0.008492, 3.905374, 300.254959, 3857.908087, 134.277919, 8367.232961
221.564956, 511.554703, 0.000000, 0.008492, 3.905374, 300.254959, 3857.908087, 134.277919, 8604.878952
221.564956, 525.764556, 0.000000, 0.008492, 3.905374, 300.254959, 3857.908087, 134.277919, 8842.524942
221.564956, 539.974409, 0.000000, 0.008492, 3.905374, 300.254959, 3857.908087, 134.277919, 9080.170932
228.178835, 269.987204, 0.003872, 0.011314, 1.981103, 340.942194, 4091.668612, 144.160723, 4574.387291
228.178835, 284.197057, 0.002882, 0.010544, 2.308763, 330.538299, 4091.668612, 141.465651, 4809.445281
228.178835, 298.406910, 0.001930, 0.009837, 2.702161, 320.539016, 4091.668612, 138.987617, 5044.711685
228.178835, 312.616763, 0.001016, 0.009186, 3.184608, 310.935145, 4091.668612, 136.706314, 5280.167005
228.178835, 326.826616, 0.000139, 0.008585, 3.791661, 301.715710, 4091.668612, 134.603487, 5515.793711
228.178835, 341.036469, 0.000000, 0.008492, 3.905374, 300.254959, 4091.668612, 134.277919, 5753.127068
228.178835, 355.246322, 0.000000, 0.008492, 3.905374, 300.254959, 4091.668612, 134.277919, 5990.773058
228.178835, 369.456174, 0.000000, 0.008492, 3.905374, 300.254959, 4091.668612, 134.277919, 6228.419048
228.178835, 383.666027, 0.000000, 0.008492, 3.905374, 300.254959, 4091.668612, 134.277919, 6466.065039
228.178835, 397.875880, 0.000000, 0.008492, 3.905374, 300.254959, 4091.668612, 134.277919, 6703.711029
228.178835, 412.085733, 0.000000, 0.008492, 3.905374, 300.254959, 4091.668612, 134.277919, 6941.357019
228.178835, 426.295586, 0.000000, 0.008492, 3.905374, 300.254959, 4091.668612, 134.277919, 7179.003010
228.178835, 440.505439, 0.000000, 0.008492, 3.905374, 300.254959, 4091.668612, 134.277919, 7416.649000
228.178835, 454.715292, 0.000000, 0.008492, 3.905374, 300.254959, 4091.668612, 134.277919, 7654.294990
228.178835, 468.925144, 0.000000, 0.008492, 3.905374, 300.254959, 4091.668612, 134.277919, 7891.940981
228.178835, 483.134997, 0.000000, 0.008492, 3.905374, 300.254959, 4091.668612, 134.277919, 8129.586971
228.178835, 497.344850, 0.000000, 0.008492, 3.905374, 300.254959, 4091.668612, 134.277919, 8367.232961
228.178835, 511.554703, 0.000000, 0.008492, 3.905374, 300.254959, 4091.668612, 134.277919, 8604.878952
228.178835, 525.764556, 0.000000, 0.008492, 3.905374, 300.254959, 4091.668612, 134.277919, 8842.524942
228.178835, 539.974409, 0.000000, 0.008492, 3.905374, 300.254959, 4091.668612, 134.277919, 9080.170932
234.792714, 269.987204, 0.005115, 0.012331, 1.651912, 354.000943, 4332.304448, 147.721872, 4577.806962
234.792714, 284.197057, 0.004135, 0.011524, 1.904999, 343.699240, 4332.304448, 144.895662, 4812.739023
234.792714, 298.406910, 0.003189, 0.010779, 2.199547, 333.764753, 4332.304448, 142.288431, 5047.881363
234.792714, 312.616763, 0.002278, 0.010092, 2.547647, 324.192655, 4332.304448, 139.880656, 5283.215235
234.792714, 326.826616, 0.001401, 0.009456, 2.966420, 314.975935, 4332.304448, 137.654652, 5518.723658
234.792714, 341.036469, 0.000557, 0.008868, 3.480973, 306.105969, 4332.304448, 135.594419, 5754.391264
234.792714, 355.246322, 0.000000, 0.008492, 3.905374, 300.254959, 4332.304448, 134.277919, 5990.773058
234.792714, 369.456174, 0.000000, 0.008492, 3.905374, 300.254959, 4332.304448, 134.277919, 6228.419048
234.792714, 383.666027, 0.000000, 0.008492, 3.905374, 300.254959, 4332.304448, 134.277919, 6466.065039
234.792714, 397.875880, 0.000000, 0.008492, 3.905374, 300.254959, 4332.304448, 134.277919, 6703.711029
234.792714, 412.085733, 0.000000, 0.008492, 3.905374, 300.254959, 4332.304448, 134.277919, 6941.357019
234.792714, 426.295586, 0.000000, 0.008492, 3.905374, 300.254959, 4332.304448, 134.277919, 7179.003010
234.792714, 440.505439, 0.000000, 0.008492, 3.905374, 300.254959, 4332.304448, 134.277919, 7416.649000
234.792714, 454.715292, 0.000000, 0.008492, 3.905374, 300.254959, 4332.304448, 134.277919, 7654.294990
234.792714, 468.925144, 0.000000, 0.008492, 3.905374, 300.254959, 4332.304448, 134.277919, 7891.940981
234.792714, 483.134997, 0.000000, 0.008492, 3.905374, 300.254959, 4332.304448, 134.277919, 8129.586971
234.792714, 497.344850, 0.000000, 0.008492, 3.905374, 300.254959, 4332.304448, 134.277919, 8367.232961
234.792714, 511.554703, 0.000000, 0.008492, 3.905374, 300.254959, 4332.304448, 134.277919, 8604.878952
234.792714, 525.764556, 0.000000, 0.008492, 3.905374, 300.254959, 4332.304448, 134.277919, 8842.524942
234.792714, 539.974409, 0.000000, 0.008492, 3.905374, 300.254959, 4332.304448, 134.277919, 9080.170932
241.406593, 269.987204, 0.006307, 0.013362, 1.396801, 366.521223, 4579.815592, 151.335132, 4581.276673
241.406593, 284.197057, 0.005340, 0.012521, 1.599904, 356.361777, 4579.815592, 148.387859, 4816.092481
241.406593, 298.406910, 0.004404, 0.011742, 1.830759, 346.531842, 4579.815592, 145.660044, 5051.119028
241.406593, 312.616763, 0.003500, 0.011021, 2.096250, 337.030604, 4579.815592, 143.133095, 5286.338461
241.406593, 326.826616, 0.002627, 0.010352, 2.405617, 327.854741, 4579.815592, 140.790039, 5521.734480
241.406593, 341.036469, 0.001784, 0.009731, 2.771572, 318.998999, 4579.815592, 138.615404, 5757.292231
241.406593, 355.246322, 0.000971, 0.009154, 3.212125, 310.456664, 4579.815592, 136.595109, 5992.998189
241.406593, 369.456174, 0.000187, 0.008618, 3.753686, 302.219936, 4579.815592, 134.716345, 6228.840056
241.406593, 383.666027, 0.000000, 0.008492, 3.905374, 300.254959, 4579.815592, 134.277919, 6466.065039
241.406593, 397.875880, 0.000000, 0.008492, 3.905374, 300.254959, 4579.815592, 134.277919, 6703.711029
241.406593, 412.085733, 0.000000, 0.008492, 3.905374, 300.254959, 4579.815592, 134.277919, 6941.357019
241.406593, 426.295586, 0.000000, 0.008492, 3.905374, 300.254959, 4579.815592, 134.277919, 7179.003010
241.406593, 440.505439, 0.000000, 0.008492, 3.905374, 300.254959, 4579.815592, 134.277919, 7416.649000
241.406593, 454.715292, 0.000000, 0.008492, 3.905374, 300.254959, 4579.815592, 134.277919, 7654.294990
241.406593, 468.925144, 0.000000, 0.008492, 3.905374, 300.254959, 4579.815592, 134.277919, 7891.940981
241.406593, 483.134997, 0.000000, 0.008492, 3.905374, 300.254959, 4579.815592, 134.277919, 8129.586971
241.406593, 497.344850, 0.000000, 0.008492, 3.905374, 300.254959, 4579.815592, 134.277919, 8367.232961
241.406593, 511.554703, 0.000000, 0.008492, 3.905374, 300.254959, 4579.815592, 134.277919, 8604.878952
241.406593, 525.764556, 0.000000, 0.008492, 3.905374, 300.254959, 4579.815592, 134.277919, 8842.524942
241.406593, 539.974409, 0.000000, 0.008492, 3.905374, 300.254959, 4579.815592, 134.277919, 9080.170932
248.020473, 269.987204, 0.007445, 0.014404, 1.192696, 378.487617, 4834.202047, 154.984317, 4584.780881
248.020473, 284.197057, 0.006495, 0.013531, 1.360583, 368.505937, 4834.202047, 151.926751, 4819.490778
248.020473, 298.406910, 0.005573, 0.012721, 1.547887, 358.816328, 4834.202047, 149.087727, 5054.410535
248.020473, 312.616763, 0.004679, 0.011967, 1.758815, 349.421583, 4834.202047, 146.449709, 5289.523310
248.020473, 326.826616, 0.003813, 0.011267, 1.998786, 340.321753, 4834.202047, 143.996551, 5524.813603
248.020473, 341.036469, 0.002975, 0.010615, 2.274913, 331.514711, 4834.202047, 141.713431, 5760.267178
248.020473, 355.246322, 0.002164, 0.010008, 2.596733, 322.996622, 4834.202047, 139.586761, 5995.870988
248.020473, 369.456174, 0.001381, 0.009442, 2.977357, 314.762323, 4834.202047, 137.604104, 6231.613089
248.020473, 383.666027, 0.000623, 0.008914, 3.435324, 306.805645, 4834.202047, 135.754085, 6467.482558
248.020473, 397.875880, 0.000000, 0.008492, 3.905374, 300.254959, 4834.202047, 134.277919, 6703.711029
248.020473, 412.085733, 0.000000, 0.008492, 3.905374, 300.254959, 4834.202047, 134.277919, 6941.357019
248.020473, 426.295586, 0.000000, 0.008492, 3.905374, 300.254959, 4834.202047, 134.277919, 7179.003010
248.020473, 440.505439, 0.000000, 0.008492, 3.905374, 300.254959, 4834.202047, 134.277919, 7416.649000
248.020473, 454.715292, 0.000000, 0.008492, 3.905374, 300.254959, 4834.202047, 134.277919, 7654.294990
248.020473, 468.925144, 0.000000, 0.008492, 3.905374, 300.254959, 4834.202047, 134.277919, 7891.940981
248.020473, 483.134997, 0.000000, 0.008492, 3.905374, 300.254959, 4834.202047, 134.277919, 8129.586971
248.020473, 497.344850, 0.000000, 0.008492, 3.905374, 300.254959, 4834.202047, 134.277919, 8367.232961
248.020473, 511.554703, 0.000000, 0.008492, 3.905374, 300.254959, 4834.202047, 134.277919, 8604.878952
248.020473, 525.764556, 0.000000, 0.008492, 3.905374, 300.254959, 4834.202047, 134.277919, 8842.524942
248.020473, 539.974409, 0.000000, 0.008492, 3.905374, 300.254959, 4834.202047, 134.277919, 9080.170932
254.634352, 269.987204, 0.008531, 0.015452, 1.025202, 389.891635, 5095.463811, 158.653930, 4588.304707
254.634352, 284.197057, 0.007601, 0.014551, 1.167292, 380.118635, 5095.463811, 155.497330, 4822.919504
254.634352, 298.406910, 0.006695, 0.013711, 1.323437, 370.601021, 5095.463811, 152.557053, 5057.742029
254.634352, 312.616763, 0.005814, 0.012929, 1.496354, 361.344774, 5095.463811, 149.816712, 5292.756548
254.634352, 326.826616, 0.004958, 0.012199, 1.689433, 352.352974, 5095.463811, 147.261093, 5527.948450
254.634352, 341.036469, 0.004128, 0.011518, 1.906961, 343.626344, 5095.463811, 144.876115, 5763.304214
254.634352, 355.246322, 0.003322, 0.010882, 2.154451, 335.163705, 5095.463811, 142.648780, 5998.811357
254.634352, 369.456174, 0.002542, 0.010288, 2.439133, 326.962363, 5095.463811, 140.567109, 6234.458379
254.634352, 383.666027, 0.001786, 0.009732, 2.770679, 319.018424, 5095.463811, 138.620083, 6470.234695
254.634352, 397.875880, 0.001054, 0.009212, 3.162348, 311.327060, 5095.463811, 136.797570, 6706.130578
254.634352, 412.085733, 0.000345, 0.008724, 3.632826, 303.882726, 5095.463811, 135.090262, 6942.137089
254.634352, 426.295586, 0.000000, 0.008492, 3.905374, 300.254959, 5095.463811, 134.277919, 7179.003010
254.634352, 440.505439, 0.000000, 0.008492, 3.905374, 300.254959, 5095.463811, 134.277919, 7416.649000
254.634352, 454.715292, 0.000000, 0.008492, 3.905374, 300.254959, 5095.463811, 134.277919, 7654.294990
254.634352, 468.925144, 0.000000, 0.008492, 3.905374, 300.254959, 5095.463811, 134.277919, 7891.940981
254.634352, 483.134997, 0.000000, 0.008492, 3.905374, 300.254959, 5095.463811, 134.277919, 8129.586971
254.634352, 497.344850, 0.000000, 0.008492, 3.905374, 300.254959, 5095.463811, 134.277919, 8367.232961
254.634352, 511.554703, 0.000000, 0.008492, 3.905374, 300.254959, 5095.463811, 134.277919, 8604.878952
254.634352, 525.764556, 0.000000, 0.008492, 3.905374, 300.254959, 5095.463811, 134.277919, 8842.524942
254.634352, 539.974409, 0.000000, 0.008492, 3.905374, 300.254959, 5095.463811, 134.277919, 9080.170932
261.248231, 269.987204, 0.009562, 0.016501, 0.884882, 400.730922, 5363.600884, 162.329334, 4591.834093
261.248231, 284.197057, 0.008654, 0.015575, 1.007473, 391.192984, 5363.600884, 159.085252, 4826.364884
261.248231, 298.406910, 0.007768, 0.014710, 1.140511, 381.874919, 5363.600884, 156.054077, 5061.100123
261.248231, 312.616763, 0.006903, 0.013901, 1.285835, 372.785469, 5363.600884, 153.220646, 5296.025249
261.248231, 326.826616, 0.006060, 0.013144, 1.445672, 363.930387, 5363.600884, 150.570748, 5531.126618
261.248231, 341.036469, 0.005240, 0.012436, 1.622763, 355.312946, 5363.600884, 148.091125, 5766.391497
261.248231, 355.246322, 0.004442, 0.011773, 1.820515, 346.934387, 5363.600884, 145.769445, 6001.808043
261.248231, 369.456174, 0.003668, 0.011152, 2.043236, 338.794282, 5363.600884, 143.594266, 6237.365272
261.248231, 383.666027, 0.002916, 0.010570, 2.296458, 330.890856, 5363.600884, 141.554997, 6473.053010
261.248231, 397.875880, 0.002186, 0.010024, 2.587407, 323.221251, 5363.600884, 139.641842, 6708.861852
261.248231, 412.085733, 0.001478, 0.009511, 2.925723, 315.781744, 5363.600884, 137.845754, 6944.783110
261.248231, 426.295586, 0.000791, 0.009029, 3.324564, 308.567937, 5363.600884, 136.158381, 7180.808763
261.248231, 440.505439, 0.000126, 0.008576, 3.802379, 301.574912, 5363.600884, 134.572017, 7416.931414
261.248231, 454.715292, 0.000000, 0.008492, 3.905374, 300.254959, 5363.600884, 134.277919, 7654.294990
261.248231, 468.925144, 0.000000, 0.008492, 3.905374, 300.254959, 5363.600884, 134.277919, 7891.940981
261.248231, 483.134997, 0.000000, 0.008492, 3.905374, 300.254959, 5363.600884, 134.277919, 8129.586971
261.248231, 497.344850, 0.000000, 0.008492, 3.905374, 300.254959, 5363.600884, 134.277919, 8367.232961
261.248231, 511.554703, 0.000000, 0.008492, 3.905374, 300.254959, 5363.600884, 134.277919, 8604.878952
261.248231, 525.764556, 0.000000, 0.008492, 3.905374, 300.254959, 5363.600884, 134.277919, 8842.524942
261.248231, 539.974409, 0.000000, 0.008492, 3.905374, 300.254959, 5363.600884, 134.277919, 9080.170932
267.862110, 269.987204, 0.010000, 0.016963, 0.829905, 405.331060, 5638.613267, 163.948051, 4593.388501
267.862110, 284.197057, 0.009657, 0.016600, 0.872758, 401.727584, 5638.613267, 162.676977, 4829.813915
267.862110, 298.406910, 0.008791, 0.015712, 0.988157, 392.632579, 5638.613267, 159.565495, 5064.472037
267.862110, 312.616763, 0.007945, 0.014879, 1.112777, 383.734528, 5638.613267, 156.648533, 5299.316952
267.862110, 326.826616, 0.007117, 0.014098, 1.248148, 375.041493, 5638.613267, 153.912941, 5534.336031
267.862110, 341.036469, 0.006310, 0.013365, 1.396102, 366.558997, 5638.613267, 151.346343, 5769.517390
267.862110, 355.246322, 0.005523, 0.012678, 1.558862, 358.290437, 5638.613267, 148.937136, 6004.849887
267.862110, 369.456174, 0.004757, 0.012032, 1.739153, 350.237446, 5638.613267, 146.674480, 6240.323113
267.862110, 383.666027, 0.004011, 0.011425, 1.940365, 342.400191, 5638.613267, 144.548273, 6475.927367
267.862110, 397.875880, 0.003285, 0.010854, 2.166766, 334.777638, 5638.613267, 142.549115, 6711.653624
267.862110, 412.085733, 0.002580, 0.010317, 2.423822, 327.367772, 5638.613267, 140.668280, 6947.493501
267.862110, 426.295586, 0.001895, 0.009811, 2.718649, 320.167782, 5638.613267, 138.897665, 7183.439220
267.862110, 440.505439, 0.001230, 0.009335, 3.060691, 313.174226, 5638.613267, 137.229764, 7419.483572
267.862110, 454.715292, 0.000583, 0.008886, 3.462771, 306.383158, 5638.613267, 135.657616, 7655.619873
267.862110, 468.925144, 0.000000, 0.008492, 3.905374, 300.254959, 5638.613267, 134.277919, 7891.940981
267.862110, 483.134997, 0.000000, 0.008492, 3.905374, 300.254959, 5638.613267, 134.277919, 8129.586971
267.862110, 497.344850, 0.000000, 0.008492, 3.905374, 300.254959, 5638.613267, 134.277919, 8367.232961
267.862110, 511.554703, 0.000000, 0.008492, 3.905374, 300.254959, 5638.613267, 134.277919, 8604.878952
267.862110, 525.764556, 0.000000, 0.008492, 3.905374, 300.254959, 5638.613267, 134.277919, 8842.524942
267.862110, 539.974409, 0.000000, 0.008492, 3.905374, 300.254959, 5638.613267, 134.277919, 9080.170932
274.475990, 269.987204, 0.010000, 0.016963, 0.829905, 405.331060, 5920.500960, 163.948051, 4593.388501
274.475990, 284.197057, 0.010000, 0.016963, 0.829905, 405.331060, 5920.500960, 163.948051, 4831.034491
274.475990, 298.406910, 0.009766, 0.016715, 0.858967, 402.873478, 5920.500960, 163.078757, 5067.845723
274.475990, 312.616763, 0.008940, 0.015861, 0.967630, 394.187806, 5920.500960, 160.088007, 5302.619781
274.475990, 326.826616, 0.008130, 0.015058, 1.084438, 385.678814, 5920.500960, 157.275573, 5537.565071
274.475990, 341.036469, 0.007337, 0.014303, 1.210666, 377.353967, 5920.500960, 154.630003, 5772.670596
274.475990, 355.246322, 0.006563, 0.013592, 1.347826, 369.218561, 5920.500960, 152.140472, 6007.925960
274.475990, 369.456174, 0.005807, 0.012923, 1.497729, 361.276062, 5920.500960, 149.796792, 6243.321381
274.475990, 383.666027, 0.005070, 0.012293, 1.662566, 353.528393, 5920.500960, 147.589402, 6478.847677
274.475990, 397.875880, 0.004351, 0.011699, 1.845022, 345.976190, 5920.500960, 145.509350, 6714.496253
274.475990, 412.085733, 0.003651, 0.011139, 2.048422, 338.619014, 5920.500960, 143.548278, 6950.259081
274.475990, 426.295586, 0.002969, 0.010611, 2.276944, 331.455537, 5920.500960, 141.698385, 7186.128672
274.475990, 440.505439, 0.002306, 0.010112, 2.535912, 324.483704, 5920.500960, 139.952404, 7422.098046
274.475990, 454.715292, 0.001660, 0.009642, 2.832225, 317.700866, 5920.500960, 138.303570, 7658.160708
274.475990, 468.925144, 0.001032, 0.009197, 3.174993, 311.103894, 5920.500960, 136.745588, 7894.310612
274.475990, 483.134997, 0.000422, 0.008776, 3.576499, 304.689283, 5920.500960, 135.272603, 8130.542137
274.475990, 497.344850, 0.000000, 0.008492, 3.905374, 300.254959, 5920.500960, 134.277919, 8367.232961
274.475990, 511.554703, 0.000000, 0.008492, 3.905374, 300.254959, 5920.500960, 134.277919, 8604.878952
274.475990, 525.764556, 0.000000, 0.008492, 3.905374, 300.254959, 5920.500960, 134.277919, 8842.524942
274.475990, 539.974409, 0.000000, 0.008492, 3.905374, 300.254959, 5920.500960, 134.277919, 9080.170932
281.089869, 269.987204, 0.010000, 0.016963, 0.829905, 405.331060, 6209.263962, 163.948051, 4593.388501
281.089869, 284.197057, 0.010000, 0.016963, 0.829905, 405.331060, 6209.263962, 163.948051, 4831.034491
281.089869, 298.406910, 0.010000, 0.016963, 0.829905, 405.331060, 6209.263962, 163.948051, 5068.680481
281.089869, 312.616763, 0.009887, 0.016843, 0.843838, 404.145574, 6209.263962, 163.527419, 5305.922551
281.089869, 326.826616, 0.009097, 0.016021, 0.946205, 395.839369, 6209.263962, 160.647135, 5540.802686
281.089869, 341.036469, 0.008321, 0.015245, 1.055773, 387.691862, 6209.263962, 157.930811, 5775.840268
281.089869, 355.246322, 0.007562, 0.014514, 1.173608, 379.709988, 6209.263962, 155.368434, 6011.025680
281.089869, 369.456174, 0.006818, 0.013823, 1.300962, 371.898820, 6209.263962, 152.950505, 6246.349802
281.089869, 383.666027, 0.006091, 0.013172, 1.439316, 364.261844, 6209.263962, 150.668044, 6481.804010
281.089869, 397.875880, 0.005381, 0.012556, 1.590442, 356.801201, 6209.263962, 148.512592, 6717.380181
281.089869, 412.085733, 0.004688, 0.011975, 1.756479, 349.517888, 6209.263962, 146.476199, 6953.070681
281.089869, 426.295586, 0.004012, 0.011425, 1.940041, 342.411942, 6209.263962, 144.551406, 7188.868347
281.089869, 440.505439, 0.003353, 0.010906, 2.144352, 335.482598, 6209.263962, 142.731229, 7424.766473
281.089869, 454.715292, 0.002710, 0.010414, 2.373449, 328.728422, 6209.263962, 141.009134, 7660.758785
281.089869, 468.925144, 0.002083, 0.009949, 2.632450, 322.147425, 6209.263962, 139.379014, 7896.839417
281.089869, 483.134997, 0.001473, 0.009508, 2.927951, 315.737169, 6209.263962, 137.835166, 8133.002893
281.089869, 497.344850, 0.000879, 0.009090, 3.268606, 309.494847, 6209.263962, 136.372265, 8369.244101
281.089869, 511.554703, 0.000301, 0.008694, 3.665995, 303.417359, 6209.263962, 134.985343, 8605.558270
281.089869, 525.764556, 0.000000, 0.008492, 3.905374, 300.254959, 6209.263962, 134.277919, 8842.524942
281.089869, 539.974409, 0.000000, 0.008492, 3.905374, 300.254959, 6209.263962, 134.277919, 9080.170932
287.703748, 269.987204, 0.010000, 0.016963, 0.829905, 405.331060, 6504.902274, 163.948051, 4593.388501
287.703748, 284.197057, 0.010000, 0.016963, 0.829905, 405.331060, 6504.902274, 163.948051, 4831.034491
287.703748, 298.406910, 0.010000, 0.016963, 0.829905, 405.331060, 6504.902274, 163.948051, 5068.680481
287.703748, 312.616763, 0.010000, 0.016963, 0.829905, 405.331060, 6504.902274, 163.948051, 5306.326472
287.703748, 326.826616, 0.010000, 0.016963, 0.829905, 405.331060, 6504.902274, 163.948051, 5543.972462
287.703748, 341.036469, 0.009261, 0.016190, 0.924143, 397.570741, 6504.902274, 161.238037, 5779.016103
287.703748, 355.246322, 0.008518, 0.015439, 1.027010, 389.760045, 6504.902274, 158.610462, 6014.138908
287.703748, 369.456174, 0.007789, 0.014730, 1.137143, 382.098517, 6504.902274, 156.125283, 6249.398452
287.703748, 383.666027, 0.007074, 0.014059, 1.255583, 374.591011, 6504.902274, 153.774134, 6484.786700
287.703748, 397.875880, 0.006375, 0.013423, 1.383547, 367.241002, 6504.902274, 151.549078, 6720.296032
287.703748, 412.085733, 0.005691, 0.012822, 1.522476, 360.050778, 6504.902274, 149.442608, 6955.919239
287.703748, 426.295586, 0.005022, 0.012252, 1.674085, 353.021617, 6504.902274, 147.447644, 7191.649522
287.703748, 440.505439, 0.004368, 0.011713, 1.840444, 346.153939, 6504.902274, 145.557516, 7427.480476
287.703748, 454.715292, 0.003730, 0.011201, 2.024067, 339.447433, 6504.902274, 143.765956, 7663.406083
287.703748, 468.925144, 0.003107, 0.010716, 2.228049, 332.901177, 6504.902274, 142.067078, 7899.420689
287.703748, 483.134997, 0.002499, 0.010256, 2.456242, 326.513734, 6504.902274, 140.455360, 8135.518992
287.703748, 497.344850, 0.001906, 0.009819, 2.713505, 320.283243, 6504.902274, 138.925627, 8371.696022
287.703748, 511.554703, 0.001328, 0.009405, 3.006061, 314.207489, 6504.902274, 137.473029, 8607.947125
287.703748, 525.764556, 0.000764, 0.009011, 3.342017, 308.283973, 6504.902274, 136.093028, 8844.267939
287.703748, 539.974409, 0.000215, 0.008636, 3.732129, 302.509963, 6504.902274, 134.781371, 9080.654383
294.317628, 269.987204, 0.010000, 0.016963, 0.829905, 405.331060, 6807.415896, 163.948051, 4593.388501
294.317628, 284.197057, 0.010000, 0.016963, 0.829905, 405.331060, 6807.415896, 163.948051, 4831.034491
294.317628, 298.406910, 0.010000, 0.016963, 0.829905, 405.331060, 6807.415896, 163.948051, 5068.680481
294.317628, 312.616763, 0.010000, 0.016963, 0.829905, 405.331060, 6807.415896, 163.948051, 5306.326472
294.317628, 326.826616, 0.010000, 0.016963, 0.829905, 405.331060, 6807.415896, 163.948051, 5543.972462
294.317628, 341.036469, 0.010000, 0.016963, 0.829905, 405.331060, 6807.415896, 163.948051, 5781.618452
294.317628, 355.246322, 0.009432, 0.016366, 0.901663, 399.367718, 6807.415896, 161.856543, 6017.256028
294.317628, 369.456174, 0.008719, 0.015640, 0.998328, 391.871659, 6807.415896, 159.311248, 6252.457843
294.317628, 383.666027, 0.008018, 0.014951, 1.101394, 384.510088, 6807.415896, 156.897974, 6487.786435
294.317628, 397.875880, 0.007331, 0.014297, 1.211725, 377.287645, 6807.415896, 154.609331, 6723.234707
294.317628, 412.085733, 0.006657, 0.013677, 1.330327, 370.207761, 6807.415896, 152.438285, 6958.795903
294.317628, 426.295586, 0.005997, 0.013089, 1.458376, 363.272828, 6807.415896, 150.378157, 7194.463611
294.317628, 440.505439, 0.005351, 0.012531, 1.597258, 356.484335, 6807.415896, 148.422623, 7430.231758
294.317628, 454.715292, 0.004719, 0.012001, 1.748624, 349.843002, 6807.415896, 146.565709, 7666.094606
294.317628, 468.925144, 0.004101, 0.011497, 1.914452, 343.348889, 6807.415896, 144.801777, 7902.046742
294.317628, 483.134997, 0.003497, 0.011018, 2.097141, 337.001495, 6807.415896, 143.125513, 8138.083064
294.317628, 497.344850, 0.002907, 0.010563, 2.299625, 330.799843, 6807.415896, 141.531919, 8374.198771
294.317628, 511.554703, 0.002330, 0.010131, 2.525542, 324.742555, 6807.415896, 140.016291, 8610.389347
294.317628, 525.764556, 0.001768, 0.009719, 2.779450, 318.827920, 6807.415896, 138.574208, 8846.650545
294.317628, 539.974409, 0.001218, 0.009327, 3.067151, 313.053947, 6807.415896, 137.201516, 9082.978379
300.931507, 269.987204, 0.010000, 0.016963, 0.829905, 405.331060, 7116.804827, 163.948051, 4593.388501
300.931507, 284.197057, 0.010000, 0.016963, 0.829905, 405.331060, 7116.804827, 163.948051, 4831.034491
300.931507, 298.406910, 0.010000, 0.016963, 0.829905, 405.331060, 7116.804827, 163.948051, 5068.680481
300.931507, 312.616763, 0.010000, 0.016963, 0.829905, 405.331060, 7116.804827, 163.948051, 5306.326472
300.931507, 326.826616, 0.010000, 0.016963, 0.829905, 405.331060, 7116.804827, 163.948051, 5543.972462
300.931507, 341.036469, 0.010000, 0.016963, 0.829905, 405.331060, 7116.804827, 163.948051, 5781.618452
300.931507, 355.246322, 0.010000, 0.016963, 0.829905, 405.331060, 7116.804827, 163.948051, 6019.264443
300.931507, 369.456174, 0.009609, 0.016550, 0.878941, 401.218057, 7116.804827, 162.499041, 6255.518990
300.931507, 383.666027, 0.008923, 0.015845, 0.969872, 394.016629, 7116.804827, 160.030307, 6490.794326
300.931507, 397.875880, 0.008249, 0.015175, 1.066449, 386.936569, 7116.804827, 157.684243, 6726.187457
300.931507, 412.085733, 0.007588, 0.014538, 1.169396, 379.982307, 7116.804827, 155.454302, 6961.692099
300.931507, 426.295586, 0.006938, 0.013933, 1.279546, 373.157212, 7116.804827, 153.334231, 7197.302245
300.931507, 440.505439, 0.006301, 0.013357, 1.397866, 366.463735, 7116.804827, 151.318075, 7433.012177
300.931507, 454.715292, 0.005677, 0.012810, 1.525481, 359.903525, 7116.804827, 149.400173, 7668.816461
300.931507, 468.925144, 0.005065, 0.012289, 1.663718, 353.477537, 7116.804827, 147.575162, 7904.709945
300.931507, 483.134997, 0.004466, 0.011793, 1.814145, 347.186131, 7116.804827, 145.837960, 8140.687750
300.931507, 497.344850, 0.003880, 0.011321, 1.978641, 341.029149, 7116.804827, 144.183767, 8376.745265
300.931507, 511.554703, 0.003307, 0.010871, 2.159470, 335.005996, 7116.804827, 142.608046, 8612.878136
300.931507, 525.764556, 0.002747, 0.010442, 2.359389, 329.115703, 7116.804827, 141.106519, 8849.082252
300.931507, 539.974409, 0.002199, 0.010033, 2.581796, 323.356981, 7116.804827, 139.675150, 9085.353740
307.545386, 269.987204, 0.010000, 0.016963, 0.829905, 405.331060, 7433.069067, 163.948051, 4593.388501
307.545386, 284.197057, 0.010000, 0.016963, 0.829905, 405.331060, 7433.069067, 163.948051, 4831.034491
307.545386, 298.406910, 0.010000, 0.016963, 0.829905, 405.331060, 7433.069067, 163.948051, 5068.680481
307.545386, 312.616763, 0.010000, 0.016963, 0.829905, 405.331060, 7433.069067, 163.948051, 5306.326472
307.545386, 326.826616, 0.010000, 0.016963, 0.829905, 405.331060, 7433.069067, 163.948051, 5543.972462
307.545386, 341.036469, 0.010000, 0.016963, 0.829905, 405.331060, 7433.069067, 163.948051, 5781.618452
307.545386, 355.246322, 0.010000, 0.016963, 0.829905, 405.331060, 7433.069067, 163.948051, 6019.264443
307.545386, 369.456174, 0.010000, 0.016963, 0.829905, 405.331060, 7433.069067, 163.948051, 6256.910433
307.545386, 383.666027, 0.009789, 0.016739, 0.856126, 403.111177, 7433.069067, 163.162381, 6493.801967
307.545386, 397.875880, 0.009130, 0.016055, 0.941752, 396.186262, 7433.069067, 160.765134, 6729.145950
307.545386, 412.085733, 0.008481, 0.015403, 1.032369, 389.370963, 7433.069067, 158.482096, 6964.599603
307.545386, 426.295586, 0.007843, 0.014782, 1.128584, 382.669505, 7433.069067, 156.307453, 7200.157345
307.545386, 440.505439, 0.007217, 0.014190, 1.231091, 376.085181, 7433.069067, 154.235633, 7435.813825
307.545386, 454.715292, 0.006601, 0.013627, 1.340687, 369.620469, 7433.069067, 152.261312, 7671.563931
307.545386, 468.925144, 0.005998, 0.013089, 1.458292, 363.277132, 7433.069067, 150.379416, 7907.402790
307.545386, 483.134997, 0.005406, 0.012577, 1.584979, 357.056309, 7433.069067, 148.585117, 8143.325767
307.545386, 497.344850, 0.004825, 0.012089, 1.722003, 350.958596, 7433.069067, 146.873832, 8379.328459
307.545386, 511.554703, 0.004257, 0.011622, 1.870847, 344.984122, 7433.069067, 145.241212, 8615.406690
307.545386, 525.764556, 0.003700, 0.011178, 2.033276, 339.132606, 7433.069067, 143.683138, 8851.556507
307.545386, 539.974409, 0.003155, 0.010753, 2.211410, 333.403418, 7433.069067, 142.195712, 9087.774164
314.159265, 269.987204, 0.010000, 0.016963, 0.829905, 405.331060, 7756.208617, 163.948051, 4593.388501
314.159265, 284.197057, 0.010000, 0.016963, 0.829905, 405.331060, 7756.208617, 163.948051, 4831.034491
314.159265, 298.406910, 0.010000, 0.016963, 0.829905, 405.331060, 7756.208617, 163.948051, 5068.680481
314.159265, 312.616763, 0.010000, 0.016963, 0.829905, 405.331060, 7756.208617, 163.948051, 5306.326472
314.159265, 326.826616, 0.010000, 0.016963, 0.829905, 405.331060, 7756.208617, 163.948051, 5543.972462
314.159265, 341.036469, 0.010000, 0.016963, 0.829905, 405.331060, 7756.208617, 163.948051, 5781.618452
314.159265, 355.246322, 0.010000, 0.016963, 0.829905, 405.331060, 7756.208617, 163.948051, 6019.264443
314.159265, 369.456174, 0.010000, 0.016963, 0.829905, 405.331060, 7756.208617, 163.948051, 6256.910433
314.159265, 383.666027, 0.010000, 0.016963, 0.829905, 405.331060, 7756.208617, 163.948051, 6494.556423
314.159265, 397.875880, 0.009972, 0.016934, 0.833336, 405.037915, 7756.208617, 163.843810, 6732.102314
314.159265, 412.085733, 0.009338, 0.016268, 0.914055, 398.373045, 7756.208617, 161.513524, 6967.510597
314.159265, 426.295586, 0.008713, 0.015633, 0.999193, 391.807243, 7756.208617, 159.289767, 7203.021176
314.159265, 440.505439, 0.008098, 0.015027, 1.089263, 385.344536, 7756.208617, 157.167362, 7438.629082
314.159265, 454.715292, 0.007493, 0.014449, 1.184845, 378.988129, 7756.208617, 155.141336, 7674.329537
314.159265, 468.925144, 0.006898, 0.013897, 1.286598, 372.740501, 7756.208617, 153.206919, 7910.117961
314.159265, 483.134997, 0.006314, 0.013369, 1.395279, 366.603493, 7756.208617, 151.359551, 8145.989977
314.159265, 497.344850, 0.005741, 0.012865, 1.511762, 360.578384, 7756.208617, 149.594882, 8381.941406
314.159265, 511.554703, 0.005178, 0.012384, 1.637059, 354.665962, 7756.208617, 147.908768, 8617.968269
314.159265, 525.764556, 0.004626, 0.011924, 1.772350, 348.866582, 7756.208617, 146.297266, 8854.066780
314.159265, 539.974409, 0.004085, 0.011484, 1.919026, 343.180226, 7756.208617, 144.756631, 9090.233341